timestamp,user_id,client_ip,event_count,tap_event_rate,is_unusual_tap_frequency,time_since_last_tap,session_duration,time_of_day,inter_tap_variability,event_sequence_entropy,avg_user_tap_duration,std_user_tap_duration,avg_user_swipe_speed,std_user_swipe_speed,avg_user_swipe_distance,std_user_swipe_distance,avg_user_typing_wpm,std_user_typing_wpm,avg_user_typing_duration,std_user_typing_duration,avg_user_typing_length,std_user_typing_length,preferred_region,tap_region_entropy,swipe_direction_entropy,swipe_direction_consistency,preferred_field,field_entropy,client_x,client_y,screen_x,screen_y,page_x,page_y,duration,pointer_type,target,is_gesture,distance_from_center,region,normalized_x,normalized_y,is_near_edge,tap_pressure,distance_from_user_mean,tap_pressure_deviation,is_new_pointer_type,target_change_frequency
1751715347.83,::1,::1,1,0.2,False,0.0,0.0,17,0.0,0.0,0.0,0.0,0.0,0.0,0.0,0.0,0.0,0.0,0.0,0.0,0.0,0.0,none,0.0,0.0,0.0,none,0.0,71.25,280.5,380.0,394.3999938964844,71.25,280.5,103,touch,DIV,False,925.8600393688022,top-left,0.037109375,0.25972222222222224,False,0.103,0.0,0.0,True,0.0
1751715347.836,::1,::1,2,0.4,False,0.006000041961669922,0.006000041961669922,17,0.0,0.0,103.0,0.0,0.0,0.0,0.0,0.0,0.0,0.0,0.0,0.0,0.0,0.0,top-left,0.0,0.0,0.0,none,0.0,71.25,280.5,71.25,280.5,71.25,280.5,106,gesture,N/A,True,925.8600393688022,top-left,0.037109375,0.25972222222222224,False,0.106,0.0,0.0030000000000000027,True,0.5
1751715348.467,::1,::1,3,0.6,False,0.6310000419616699,0.6370000839233398,17,0.3125,0.0,104.5,1.5,0.0,0.0,0.0,0.0,0.0,0.0,0.0,0.0,0.0,0.0,top-left,0.0,0.0,0.0,none,0.0,71.25,280.5,380.0,394.3999938964844,71.25,280.5,89,touch,DIV,False,925.8600393688022,top-left,0.037109375,0.25972222222222224,False,0.089,0.0,0.0155,True,0.6666666666666666
1751715348.471,::1,::1,4,0.8,False,0.003999948501586914,0.6410000324249268,17,0.2951003817108119,0.0,99.33333333333333,7.408703590297623,0.0,0.0,0.0,0.0,0.0,0.0,0.0,0.0,0.0,0.0,top-left,0.0,0.0,0.0,none,0.0,71.25,280.5,71.25,280.5,71.25,280.5,91,gesture,N/A,True,925.8600393688022,top-left,0.037109375,0.25972222222222224,False,0.091,0.0,0.008333333333333331,True,0.75
1751715348.819,::1,::1,5,1.0,False,0.34800004959106445,0.9890000820159912,17,0.2621005517953274,0.0,97.25,7.361215932167728,0.0,0.0,0.0,0.0,0.0,0.0,0.0,0.0,0.0,0.0,top-left,0.0,0.0,0.0,none,0.0,71.25,280.5,380.0,394.3999938964844,71.25,280.5,92,touch,DIV,False,925.8600393688022,top-left,0.037109375,0.25972222222222224,False,0.092,0.0,0.005250000000000005,True,0.8
1751715348.82,::1,::1,6,1.2,False,0.0009999275207519531,0.9900000095367432,17,0.25428255293710816,0.0,96.2,6.910861017268398,0.0,0.0,0.0,0.0,0.0,0.0,0.0,0.0,0.0,0.0,top-left,0.0,0.0,0.0,none,0.0,71.25,280.5,71.25,280.5,71.25,280.5,92,gesture,N/A,True,925.8600393688022,top-left,0.037109375,0.25972222222222224,False,0.092,0.0,0.004200000000000009,True,0.8333333333333334
1751715349.023,::1,::1,7,1.4,False,0.20300006866455078,1.193000078201294,17,0.2321346295905005,0.0,95.5,6.5,0.0,0.0,0.0,0.0,0.0,0.0,0.0,0.0,0.0,0.0,top-left,0.0,0.0,0.0,none,0.0,71.25,280.5,380.0,394.3999938964844,71.25,280.5,94,touch,DIV,False,925.8600393688022,top-left,0.037109375,0.25972222222222224,False,0.094,0.0,0.0015000000000000013,True,0.8571428571428571
1751715349.024,::1,::1,8,1.6,False,0.0009999275207519531,1.194000005722046,17,0.22578935426130342,0.0,95.28571428571429,6.040678431961708,0.0,0.0,0.0,0.0,0.0,0.0,0.0,0.0,0.0,0.0,top-left,0.0,0.0,0.0,none,0.0,71.25,280.5,71.25,280.5,71.25,280.5,92,gesture,N/A,True,925.8600393688022,top-left,0.037109375,0.25972222222222224,False,0.092,0.0,0.0032857142857142946,True,0.875
1751715349.217,::1,::1,9,1.8,False,0.19300007820129395,1.3870000839233398,17,0.21133681388832914,0.0,94.875,5.754074643241952,0.0,0.0,0.0,0.0,0.0,0.0,0.0,0.0,0.0,0.0,top-left,0.0,0.0,0.0,none,0.0,71.25,280.5,380.0,394.3999938964844,71.25,280.5,73,touch,DIV,False,925.8600393688022,top-left,0.037109375,0.25972222222222224,False,0.073,0.0,0.021875000000000006,True,0.8888888888888888
1751715349.221,::1,::1,10,2.0,False,0.003999948501586914,1.3910000324249268,17,0.2062378231081544,0.0,92.44444444444444,8.757360220105792,0.0,0.0,0.0,0.0,0.0,0.0,0.0,0.0,0.0,0.0,top-left,0.0,0.0,0.0,none,0.0,71.25,280.5,71.25,280.5,71.25,280.5,73,gesture,N/A,True,925.8600393688022,top-left,0.037109375,0.25972222222222224,False,0.073,0.0,0.019444444444444445,True,0.9
1751715349.395,::1,::1,11,2.2,False,0.17400002479553223,1.565000057220459,17,0.19574131797937763,0.0,90.5,10.15135458941318,0.0,0.0,0.0,0.0,0.0,0.0,0.0,0.0,0.0,0.0,top-left,0.0,0.0,0.0,none,0.0,71.25,280.5,380.0,394.3999938964844,71.25,280.5,87,touch,DIV,False,925.8600393688022,top-left,0.037109375,0.25972222222222224,False,0.087,0.0,0.003500000000000003,True,0.9090909090909091
1751715349.397,::1,::1,12,2.4,False,0.002000093460083008,1.567000150680542,17,0.19184435885500337,0.0,90.18181818181819,9.731095255727029,0.0,0.0,0.0,0.0,0.0,0.0,0.0,0.0,0.0,0.0,top-left,0.0,0.0,0.0,none,0.0,71.25,280.5,71.25,280.5,71.25,280.5,86,gesture,N/A,True,925.8600393688022,top-left,0.037109375,0.25972222222222224,False,0.086,0.0,0.004181818181818189,True,0.9166666666666666
1751715349.56,::1,::1,13,2.6,False,0.16299986839294434,1.7300000190734863,17,0.18376474366930698,0.0,89.83333333333333,9.388231403671774,0.0,0.0,0.0,0.0,0.0,0.0,0.0,0.0,0.0,0.0,top-left,0.0,0.0,0.0,none,0.0,71.25,280.5,380.0,394.3999938964844,71.25,280.5,88,touch,DIV,False,925.8600393688022,top-left,0.037109375,0.25972222222222224,False,0.088,0.0,0.0018333333333333396,True,0.9230769230769231
1751715349.563,::1,::1,14,2.8,False,0.003000020980834961,1.7330000400543213,17,0.1805182432077508,0.0,89.6923076923077,9.0331408234398,0.0,0.0,0.0,0.0,0.0,0.0,0.0,0.0,0.0,0.0,top-left,0.0,0.0,0.0,none,0.0,71.25,280.5,71.25,280.5,71.25,280.5,88,gesture,N/A,True,925.8600393688022,top-left,0.037109375,0.25972222222222224,False,0.088,0.0,0.0016923076923077013,True,0.9285714285714286
1751715349.719,::1,::1,15,3.0,False,0.15600013732910156,1.8890001773834229,17,0.1740498768208279,0.0,89.57142857142857,8.715456595811224,0.0,0.0,0.0,0.0,0.0,0.0,0.0,0.0,0.0,0.0,top-left,0.0,0.0,0.0,none,0.0,71.25,280.5,380.0,394.3999938964844,71.25,280.5,77,touch,DIV,False,925.8600393688022,top-left,0.037109375,0.25972222222222224,False,0.077,0.0,0.012571428571428567,True,0.9333333333333333
1751715349.722,::1,::1,16,3.2,False,0.0029997825622558594,1.8919999599456787,17,0.17133824171867698,0.0,88.73333333333333,8.984925647376773,0.0,0.0,0.0,0.0,0.0,0.0,0.0,0.0,0.0,0.0,top-left,0.0,0.0,0.0,none,0.0,71.25,280.5,71.25,280.5,71.25,280.5,76,gesture,N/A,True,925.8600393688022,top-left,0.037109375,0.25972222222222224,False,0.076,0.0,0.012733333333333333,True,0.9375
1751715349.884,::1,::1,17,3.4,False,0.16200017929077148,2.05400013923645,17,0.16612456264658298,0.0,87.9375,9.229495855679225,0.0,0.0,0.0,0.0,0.0,0.0,0.0,0.0,0.0,0.0,top-left,0.0,0.0,0.0,none,0.0,71.25,280.5,380.0,394.3999938964844,71.25,280.5,90,touch,DIV,False,925.8600393688022,top-left,0.037109375,0.25972222222222224,False,0.09,0.0,0.002062499999999995,True,0.9411764705882353
1751715349.887,::1,::1,18,3.6,False,0.003000020980834961,2.057000160217285,17,0.16384213566625586,0.0,88.05882352941177,8.967067775938236,0.0,0.0,0.0,0.0,0.0,0.0,0.0,0.0,0.0,0.0,top-left,0.0,0.0,0.0,none,0.0,71.25,280.5,71.25,280.5,71.25,280.5,90,gesture,N/A,True,925.8600393688022,top-left,0.037109375,0.25972222222222224,False,0.09,0.0,0.001941176470588224,True,0.9444444444444444
1751715350.049,::1,::1,19,3.8,False,0.16199994087219238,2.2190001010894775,17,0.1595026607121637,0.0,88.16666666666667,8.72576007513895,0.0,0.0,0.0,0.0,0.0,0.0,0.0,0.0,0.0,0.0,top-left,0.0,0.0,0.0,none,0.0,71.25,280.5,380.0,394.3999938964844,71.25,280.5,82,touch,DIV,False,925.8600393688022,top-left,0.037109375,0.25972222222222224,False,0.082,0.0,0.0061666666666666675,True,0.9473684210526315
1751715350.052,::1,::1,20,4.0,False,0.003000020980834961,2.2220001220703125,17,0.15755452033676884,0.0,87.84210526315789,8.603935194492397,0.0,0.0,0.0,0.0,0.0,0.0,0.0,0.0,0.0,0.0,top-left,0.0,0.0,0.0,none,0.0,71.25,280.5,71.25,280.5,71.25,280.5,82,gesture,N/A,True,925.8600393688022,top-left,0.037109375,0.25972222222222224,False,0.082,0.0,0.005842105263157885,True,0.95
1751715350.214,::1,::1,21,4.2,False,0.16199994087219238,2.384000062942505,17,0.15387874409948904,0.0,87.55,8.482187217929113,0.0,0.0,0.0,0.0,0.0,0.0,0.0,0.0,0.0,0.0,top-left,0.0,0.0,0.0,none,0.0,71.25,280.5,380.0,394.3999938964844,71.25,280.5,79,touch,DIV,False,925.8600393688022,top-left,0.037109375,0.25972222222222224,False,0.079,0.0,0.008550000000000002,True,0.9523809523809523
1751715350.215,::1,::1,22,4.4,False,0.0009999275207519531,2.384999990463257,17,0.15226532569617493,0.0,87.14285714285714,8.475655413823613,0.0,0.0,0.0,0.0,0.0,0.0,0.0,0.0,0.0,0.0,top-left,0.0,0.0,0.0,none,0.0,71.25,280.5,71.25,280.5,71.25,280.5,79,gesture,N/A,True,925.8600393688022,top-left,0.037109375,0.25972222222222224,False,0.079,0.0,0.008142857142857132,True,0.9545454545454546
1751715350.392,::1,::1,23,4.6,False,0.1770000457763672,2.562000036239624,17,0.14935005172154403,0.0,86.77272727272727,8.452712411258176,0.0,0.0,0.0,0.0,0.0,0.0,0.0,0.0,0.0,0.0,top-left,0.0,0.0,0.0,none,0.0,71.25,280.5,380.0,394.3999938964844,71.25,280.5,82,touch,DIV,False,925.8600393688022,top-left,0.037109375,0.25972222222222224,False,0.082,0.0,0.004772727272727262,True,0.9565217391304348
1751715350.395,::1,::1,24,4.8,False,0.003000020980834961,2.565000057220459,17,0.14788831203953512,0.0,86.56521739130434,8.324014953899413,0.0,0.0,0.0,0.0,0.0,0.0,0.0,0.0,0.0,0.0,top-left,0.0,0.0,0.0,none,0.0,71.25,280.5,71.25,280.5,71.25,280.5,81,gesture,N/A,True,925.8600393688022,top-left,0.037109375,0.25972222222222224,False,0.081,0.0,0.005565217391304347,True,0.9583333333333334
1751715350.558,::1,::1,25,5.0,False,0.16300010681152344,2.7280001640319824,17,0.14513951905091543,0.0,86.33333333333333,8.22428652765022,0.0,0.0,0.0,0.0,0.0,0.0,0.0,0.0,0.0,0.0,top-left,0.0,0.0,0.0,none,0.0,71.25,280.5,380.0,394.3999938964844,71.25,280.5,76,touch,DIV,False,925.8600393688022,top-left,0.037109375,0.25972222222222224,False,0.076,0.0,0.010333333333333333,True,0.96
1751715350.562,::1,::1,26,5.2,True,0.003999948501586914,2.7320001125335693,17,0.1438217283608048,0.0,85.92,8.308646099094604,0.0,0.0,0.0,0.0,0.0,0.0,0.0,0.0,0.0,0.0,top-left,0.0,0.0,0.0,none,0.0,71.25,280.5,71.25,280.5,71.25,280.5,78,gesture,N/A,True,925.8600393688022,top-left,0.037109375,0.25972222222222224,False,0.078,0.0,0.007919999999999996,True,0.9615384615384616
1751715350.737,::1,::1,27,5.4,True,0.17499995231628418,2.9070000648498535,17,0.14159397947101324,0.0,85.61538461538461,8.288439228954449,0.0,0.0,0.0,0.0,0.0,0.0,0.0,0.0,0.0,0.0,top-left,0.0,0.0,0.0,none,0.0,71.25,280.5,380.0,394.3999938964844,71.25,280.5,84,touch,DIV,False,925.8600393688022,top-left,0.037109375,0.25972222222222224,False,0.084,0.0,0.0016153846153846019,True,0.9629629629629629
1751715350.741,::1,::1,28,5.6,True,0.003999948501586914,2.9110000133514404,17,0.14043085518904164,0.0,85.55555555555556,8.139220698583305,0.0,0.0,0.0,0.0,0.0,0.0,0.0,0.0,0.0,0.0,top-left,0.0,0.0,0.0,none,0.0,71.25,280.5,71.25,280.5,71.25,280.5,86,gesture,N/A,True,925.8600393688022,top-left,0.037109375,0.25972222222222224,False,0.086,0.0,0.00044444444444444176,True,0.9642857142857143
1751715350.904,::1,::1,29,5.8,True,0.16300010681152344,3.074000120162964,17,0.13828011541448482,0.0,85.57142857142857,7.992981615269787,0.0,0.0,0.0,0.0,0.0,0.0,0.0,0.0,0.0,0.0,top-left,0.0,0.0,0.0,none,0.0,71.25,280.5,380.0,394.3999938964844,71.25,280.5,77,touch,DIV,False,925.8600393688022,top-left,0.037109375,0.25972222222222224,False,0.077,0.0,0.008571428571428577,True,0.9655172413793104
1751715350.907,::1,::1,30,6.0,True,0.003000020980834961,3.077000141143799,17,0.13726502189776466,0.0,85.27586206896552,8.008170619475473,0.0,0.0,0.0,0.0,0.0,0.0,0.0,0.0,0.0,0.0,top-left,0.0,0.0,0.0,none,0.0,71.25,280.5,71.25,280.5,71.25,280.5,78,gesture,N/A,True,925.8600393688022,top-left,0.037109375,0.25972222222222224,False,0.078,0.0,0.007275862068965522,True,0.9666666666666667
1751715351.073,::1,::1,31,6.2,True,0.1659998893737793,3.243000030517578,17,0.13538548639987755,0.0,85.03333333333333,7.981158367611113,0.0,0.0,0.0,0.0,0.0,0.0,0.0,0.0,0.0,0.0,top-left,0.0,0.0,0.0,none,0.0,71.25,280.5,380.0,394.3999938964844,71.25,280.5,76,touch,DIV,False,925.8600393688022,top-left,0.037109375,0.25972222222222224,False,0.076,0.0,0.009033333333333338,True,0.967741935483871
1751715351.077,::1,::1,32,6.4,True,0.003999948501586914,3.246999979019165,17,0.13444799257092255,0.0,84.74193548387096,8.011957764594376,0.0,0.0,0.0,0.0,0.0,0.0,0.0,0.0,0.0,0.0,top-left,0.0,0.0,0.0,none,0.0,71.25,280.5,71.25,280.5,71.25,280.5,77,gesture,N/A,True,925.8600393688022,top-left,0.037109375,0.25972222222222224,False,0.077,0.0,0.0077419354838709625,True,0.96875
1751715351.238,::1,::1,33,6.6,True,0.16100001335144043,3.4079999923706055,17,0.13269210248047963,0.0,84.5,8.0,0.0,0.0,0.0,0.0,0.0,0.0,0.0,0.0,0.0,0.0,top-left,0.0,0.0,0.0,none,0.0,71.25,280.5,380.0,394.3999938964844,71.25,280.5,75,touch,DIV,False,925.8600393688022,top-left,0.037109375,0.25972222222222224,False,0.075,0.0,0.009500000000000008,True,0.9696969696969697
1751715351.241,::1,::1,34,6.8,True,0.003000020980834961,3.4110000133514404,17,0.13186515633764914,0.0,84.21212121212122,8.044412989705586,0.0,0.0,0.0,0.0,0.0,0.0,0.0,0.0,0.0,0.0,top-left,0.0,0.0,0.0,none,0.0,71.25,280.5,71.25,280.5,71.25,280.5,76,gesture,N/A,True,925.8600393688022,top-left,0.037109375,0.25972222222222224,False,0.076,0.0,0.008212121212121226,True,0.9705882352941176
1751715351.397,::1,::1,35,7.0,True,0.15600013732910156,3.567000150680542,17,0.13021554020471554,0.0,83.97058823529412,8.045770880763628,0.0,0.0,0.0,0.0,0.0,0.0,0.0,0.0,0.0,0.0,top-left,0.0,0.0,0.0,none,0.0,71.25,280.5,380.0,394.3999938964844,71.25,280.5,74,touch,DIV,False,925.8600393688022,top-left,0.037109375,0.25972222222222224,False,0.074,0.0,0.00997058823529412,True,0.9714285714285714
1751715351.401,::1,::1,36,7.2,True,0.003999948501586914,3.571000099182129,17,0.12943825908984796,0.0,83.68571428571428,8.10210353134623,0.0,0.0,0.0,0.0,0.0,0.0,0.0,0.0,0.0,0.0,top-left,0.0,0.0,0.0,none,0.0,71.25,280.5,71.25,280.5,71.25,280.5,75,gesture,N/A,True,925.8600393688022,top-left,0.037109375,0.25972222222222224,False,0.075,0.0,0.008685714285714283,True,0.9722222222222222
1751715351.572,::1,::1,37,7.4,True,0.17100000381469727,3.742000102996826,17,0.1281301551439049,0.0,83.44444444444444,8.115295724208577,0.0,0.0,0.0,0.0,0.0,0.0,0.0,0.0,0.0,0.0,top-left,0.0,0.0,0.0,none,0.0,71.25,280.5,380.0,394.3999938964844,71.25,280.5,78,touch,DIV,False,925.8600393688022,top-left,0.037109375,0.25972222222222224,False,0.078,0.0,0.005444444444444446,True,0.972972972972973
1751715351.577,::1,::1,38,7.6,True,0.004999876022338867,3.746999979019165,17,0.12740121265590865,0.0,83.29729729729729,8.05341916597948,0.0,0.0,0.0,0.0,0.0,0.0,0.0,0.0,0.0,0.0,top-left,0.0,0.0,0.0,none,0.0,71.25,280.5,71.25,280.5,71.25,280.5,82,gesture,N/A,True,925.8600393688022,top-left,0.037109375,0.25972222222222224,False,0.082,0.0,0.0012972972972972868,True,0.9736842105263158
1751715351.756,::1,::1,39,7.8,True,0.1790001392364502,3.9260001182556152,17,0.1263279448686639,0.0,83.26315789473684,7.949459466981042,0.0,0.0,0.0,0.0,0.0,0.0,0.0,0.0,0.0,0.0,top-left,0.0,0.0,0.0,none,0.0,71.25,280.5,380.0,394.3999938964844,71.25,280.5,85,touch,DIV,False,925.8600393688022,top-left,0.037109375,0.25972222222222224,False,0.085,0.0,0.0017368421052631755,True,0.9743589743589743
1751715351.76,::1,::1,40,8.0,True,0.003999948501586914,3.930000066757202,17,0.12568205816101383,0.0,83.3076923076923,7.851682315744616,0.0,0.0,0.0,0.0,0.0,0.0,0.0,0.0,0.0,0.0,top-left,0.0,0.0,0.0,none,0.0,71.25,280.5,71.25,280.5,71.25,280.5,86,gesture,N/A,True,925.8600393688022,top-left,0.037109375,0.25972222222222224,False,0.086,0.0,0.0026923076923076883,True,0.975
1751715352.229,::1,::1,41,8.2,True,0.46900010108947754,4.39900016784668,17,0.13677054994417046,0.0,83.375,7.764301320788626,0.0,0.0,0.0,0.0,0.0,0.0,0.0,0.0,0.0,0.0,top-left,0.0,0.0,0.0,none,0.0,356.25,72.5,608.0,228.0,356.25,72.5,117,touch,DIV,False,763.5904088580475,top-left,0.185546875,0.06712962962962964,False,0.117,352.82998738769356,0.033625,True,0.975609756097561
1751715352.232,::1,::1,42,8.4,True,0.003000020980834961,4.402000188827515,17,0.13609643881408032,0.0,84.1951219512195,9.2584029392292,0.0,0.0,0.0,0.0,0.0,0.0,0.0,0.0,0.0,0.0,top-left,0.0,0.0,0.0,none,0.0,356.25,72.5,356.25,72.5,356.25,72.5,117,gesture,N/A,True,763.5904088580475,top-left,0.185546875,0.06712962962962964,False,0.117,344.22437793921324,0.0328048780487805,True,0.9761904761904762
1751715352.614,::1,::1,43,8.6,True,0.3819999694824219,4.7840001583099365,17,0.1408342452767889,0.0,84.97619047619048,10.425445280516904,0.0,0.0,0.0,0.0,0.0,0.0,0.0,0.0,0.0,0.0,top-left,0.0,0.0,0.0,none,0.0,266.25,73.5,536.0,228.8000030517578,266.25,73.5,82,touch,DIV,False,836.0091581436175,top-left,0.138671875,0.06805555555555555,False,0.082,267.8859074502256,0.0029761904761904795,True,0.9767441860465116
1751715352.617,::1,::1,44,8.8,True,0.003000020980834961,4.7870001792907715,17,0.14018706556105326,0.0,84.90697674418605,10.313265229651256,0.0,0.0,0.0,0.0,0.0,0.0,0.0,0.0,0.0,0.0,top-left,0.0,0.0,0.0,none,0.0,266.25,73.5,266.25,73.5,266.25,73.5,83,gesture,N/A,True,836.0091581436175,top-left,0.138671875,0.06805555555555555,False,0.083,261.65600262580176,0.0019069767441860508,True,0.9772727272727273
1751715352.827,::1,::1,44,8.8,True,0.20999979972839355,4.996999979019165,17,0.13936292452715246,0.0,84.86363636363636,10.199355837705253,0.0,0.0,0.0,0.0,0.0,0.0,0.0,0.0,0.0,0.0,top-left,0.0,0.0,0.0,none,0.0,266.25,73.5,536.0,228.8000030517578,266.25,73.5,68,touch,DIV,False,836.0091581436175,top-left,0.138671875,0.06805555555555555,False,0.068,255.70927529339716,0.01686363636363636,True,0.9777777777777777
1751715352.83,::1,::1,44,8.8,True,0.003000020980834961,5.0,17,0.13876620887039134,0.0,84.4888888888889,10.387219117148454,0.0,0.0,0.0,0.0,0.0,0.0,0.0,0.0,0.0,0.0,top-left,0.0,0.0,0.0,none,0.0,266.25,73.5,266.25,73.5,266.25,73.5,68,gesture,N/A,True,836.0091581436175,top-left,0.138671875,0.06805555555555555,False,0.068,250.0268469535439,0.016488888888888886,True,0.9782608695652174
1751715353.39,::1,::1,45,9.0,True,0.5600001811981201,5.56000018119812,17,0.15206146245042548,0.0,84.1304347826087,10.55134175612004,0.0,0.0,0.0,0.0,0.0,0.0,0.0,0.0,0.0,0.0,top-left,0.0,0.0,0.0,none,0.0,275.25,584.5000610351562,543.2000122070312,637.6000366210938,275.25,584.5000610351562,76,touch,IMG,False,686.1944461536632,bottom-left,0.143359375,0.5412037602177373,False,0.076,374.2902707287372,0.008130434782608706,True,0.9787234042553191
1751715353.394,::1,::1,46,9.2,True,0.003999948501586914,5.564000129699707,17,0.15137747424769546,0.0,83.95744680851064,10.504218902793724,0.0,0.0,0.0,0.0,0.0,0.0,0.0,0.0,0.0,0.0,top-left,0.10296666046541245,0.0,0.0,none,0.0,275.25,584.5000610351562,275.25,584.5000610351562,275.25,584.5000610351562,78,gesture,N/A,True,686.1944461536632,bottom-left,0.143359375,0.5412037602177373,False,0.078,366.3266479472747,0.005957446808510639,True,0.9791666666666666
1751715358.32,::1,::1,3,0.6,False,4.925999879837036,10.490000009536743,17,0.7028019401434349,0.0,83.83333333333333,10.428992707298672,0.0,0.0,0.0,0.0,0.0,0.0,0.0,0.0,0.0,0.0,top-left,0.1732052067491771,0.0,0.0,none,0.0,238.2500457763672,226.50003051757812,513.6000366210938,351.20001220703125,238.2500457763672,226.50003051757812,110,touch,DIV,False,786.8959443835605,top-left,0.12408856550852458,0.209722250479239,False,0.11,136.59506865649735,0.02616666666666667,True,0.9795918367346939
1751715358.323,::1,::1,3,0.6,False,0.003000020980834961,10.493000030517578,17,0.6962608192672352,0.0,84.36734693877551,10.965053723778455,0.0,0.0,0.0,0.0,0.0,0.0,0.0,0.0,0.0,0.0,top-left,0.17052985644751145,0.0,0.0,none,0.0,238.2500457763672,226.50003051757812,238.2500457763672,226.50003051757812,238.2500457763672,226.50003051757812,111,gesture,N/A,True,786.8959443835605,top-left,0.12408856550852458,0.209722250479239,False,0.111,133.80741419411984,0.02663265306122449,True,0.98
1751715358.922,::1,::1,3,0.6,False,0.5989999771118164,11.092000007629395,17,0.6913657497468699,0.0,84.9,11.477369036499612,0.0,0.0,0.0,0.0,0.0,0.0,0.0,0.0,0.0,0.0,top-left,0.167944147734173,0.0,0.0,none,0.0,59.249996185302734,74.50000762939453,370.3999938964844,229.60000610351562,59.249996185302734,74.50000762939453,89,touch,DIV,False,1013.9234745626569,top-left,0.030859373013178506,0.06898148854573567,False,0.089,198.55880512200795,0.0040999999999999925,True,0.9803921568627451
1751715358.926,::1,::1,4,0.8,False,0.004000186920166016,11.09600019454956,17,0.6852200692175133,0.0,84.98039215686275,11.378497430143472,0.0,0.0,0.0,0.0,0.0,0.0,0.0,0.0,0.0,0.0,top-left,0.16544349608627487,0.0,0.0,none,0.0,59.249996185302734,74.50000762939453,59.249996185302734,74.50000762939453,59.249996185302734,74.50000762939453,91,gesture,N/A,True,1013.9234745626569,top-left,0.030859373013178506,0.06898148854573567,False,0.091,194.66549521765486,0.006019607843137251,True,0.9807692307692307
1751715359.387,::1,::1,5,1.0,False,0.4609999656677246,11.557000160217285,17,0.6794224488513139,0.0,85.09615384615384,11.29884203628614,0.0,0.0,0.0,0.0,0.0,0.0,0.0,0.0,0.0,0.0,top-left,0.16302362949436594,0.0,0.0,none,0.0,198.25,104.50001525878906,481.6000061035156,253.60000610351562,198.25,104.50001525878906,82,touch,DIV,False,877.4527333193481,top-left,0.10325520833333333,0.09675927338776764,False,0.082,176.7885166827561,0.003096153846153832,True,0.9811320754716981
1751715359.39,::1,::1,6,1.2,False,0.003000020980834961,11.56000018119812,17,0.6736431014536908,0.0,85.0377358490566,11.19966688209283,0.0,0.0,0.0,0.0,0.0,0.0,0.0,0.0,0.0,0.0,top-left,0.16068056204154624,0.0,0.0,none,0.0,198.25,104.50001525878906,198.25,104.50001525878906,198.25,104.50001525878906,83,gesture,N/A,True,877.4527333193481,top-left,0.10325520833333333,0.09675927338776764,False,0.083,173.4528842925154,0.0020377358490566017,True,0.9814814814814815
1751715359.837,::1,::1,7,1.4,False,0.44699978828430176,12.006999969482422,17,0.6680895286619293,0.0,85.0,11.09888215926204,0.0,0.0,0.0,0.0,0.0,0.0,0.0,0.0,0.0,0.0,top-left,0.15841057013179086,0.0,0.0,none,0.0,91.25,220.5,396.0,346.3999938964844,91.25,220.5,80,touch,DIV,False,925.6385971317316,top-left,0.047526041666666664,0.20416666666666666,False,0.08,39.468298305029045,0.0050000000000000044,True,0.9818181818181818
1751715359.84,::1,::1,8,1.6,False,0.003000020980834961,12.009999990463257,17,0.6626365491085151,0.0,84.9090909090909,11.017791772274064,0.0,0.0,0.0,0.0,0.0,0.0,0.0,0.0,0.0,0.0,top-left,0.15621017106188279,0.0,0.0,none,0.0,91.25,220.5,91.25,220.5,91.25,220.5,81,gesture,N/A,True,925.6385971317316,top-left,0.047526041666666664,0.20416666666666666,False,0.081,38.750692881301234,0.003909090909090904,True,0.9821428571428571
1751715360.294,::1,::1,9,1.8,False,0.45399999618530273,12.46399998664856,17,0.6574345265760835,0.0,84.83928571428571,10.931240920463903,0.0,0.0,0.0,0.0,0.0,0.0,0.0,0.0,0.0,0.0,top-left,0.15407610367102942,0.0,0.0,none,0.0,150.25001525878906,288.5000305175781,443.20001220703125,400.8000183105469,150.25001525878906,288.5000305175781,80,touch,BUTTON,False,847.9075848452179,top-left,0.07825521628061931,0.2671296578866464,False,0.08,52.250467857533486,0.004839285714285713,True,0.9824561403508771
1751715360.297,::1,::1,10,2.0,False,0.003000020980834961,12.467000007629395,17,0.6522793310055708,0.0,84.75438596491227,10.853539646980378,0.0,0.0,0.0,0.0,0.0,0.0,0.0,0.0,0.0,0.0,top-left,0.15200531083620292,0.0,0.0,none,0.0,150.25001525878906,288.5000305175781,150.25001525878906,288.5000305175781,150.25001525878906,288.5000305175781,81,gesture,N/A,True,847.9075848452179,top-left,0.07825521628061931,0.2671296578866464,False,0.081,51.333792982839924,0.003754385964912274,True,0.9827586206896551
1751715361.14,::1,::1,11,2.2,False,0.8430001735687256,13.31000018119812,17,0.651717912179836,0.0,84.6896551724138,10.770660813703705,0.0,0.0,0.0,0.0,0.0,0.0,0.0,0.0,0.0,0.0,top-left,0.14999492361041503,0.0,0.0,none,0.0,219.25,434.50006103515625,498.3999938964844,517.6000366210938,219.25,434.50006103515625,100,touch,BUTTON,False,748.2250995666917,top-left,0.11419270833333334,0.40231487132884836,False,0.1,209.7136510652488,0.015310344827586211,True,0.9830508474576272
1751715361.143,::1,::1,12,2.4,False,0.0029997825622558594,13.312999963760376,17,0.6468322666569999,0.0,84.94915254237289,10.860320763146259,0.0,0.0,0.0,0.0,0.0,0.0,0.0,0.0,0.0,0.0,top-left,0.14804224682624068,0.0,0.0,none,0.0,219.25,434.50006103515625,219.25,434.50006103515625,219.25,434.50006103515625,102,gesture,N/A,True,748.2250995666917,top-left,0.11419270833333334,0.40231487132884836,False,0.102,206.15918240312595,0.01705084745762711,True,0.9833333333333333
1751715361.75,::1,::1,13,2.6,False,0.6070001125335693,13.920000076293945,17,0.6432746361335677,0.0,85.23333333333333,10.988428256832528,0.0,0.0,0.0,0.0,0.0,0.0,0.0,0.0,0.0,0.0,top-left,0.1461447460085638,0.0,0.0,none,0.0,252.24998474121094,186.50001525878906,524.7999877929688,319.20001220703125,252.24998474121094,186.50001525878906,72,touch,DIV,False,791.1209283736921,top-left,0.13138020038604736,0.17268519931369358,False,0.072,152.30343530740487,0.013233333333333333,True,0.9836065573770492
1751715361.754,::1,::1,14,2.8,False,0.003999948501586914,13.924000024795532,17,0.6386367047066636,0.0,85.01639344262296,11.026780817149907,0.0,0.0,0.0,0.0,0.0,0.0,0.0,0.0,0.0,0.0,top-left,0.14430003545925657,0.0,0.0,none,0.0,252.24998474121094,186.50001525878906,252.24998474121094,186.50001525878906,252.24998474121094,186.50001525878906,74,gesture,N/A,True,791.1209283736921,top-left,0.13138020038604736,0.17268519931369358,False,0.074,149.80665767941463,0.011016393442622965,True,0.9838709677419355
1751715362.301,::1,::1,15,3.0,False,0.5470001697540283,14.47100019454956,17,0.6347367056225556,0.0,84.83870967741936,11.025181658055896,0.0,0.0,0.0,0.0,0.0,0.0,0.0,0.0,0.0,0.0,top-left,0.1425058673927378,0.0,0.0,none,0.0,357.25,209.5,608.7999877929688,337.6000061035156,357.25,209.5,89,touch,DIV,False,687.413858239707,top-left,0.18606770833333333,0.19398148148148148,False,0.089,239.38821181377105,0.004161290322580641,True,0.9841269841269841
1751715362.303,::1,::1,16,3.2,False,0.0019998550415039062,14.473000049591064,17,0.6303428150126591,0.0,84.9047619047619,10.94968911019748,0.0,0.0,0.0,0.0,0.0,0.0,0.0,0.0,0.0,0.0,top-left,0.14076012201547114,0.0,0.0,none,0.0,357.25,209.5,357.25,209.5,357.25,209.5,90,gesture,N/A,True,687.413858239707,top-left,0.18606770833333333,0.19398148148148148,False,0.09,235.5883989278382,0.005095238095238097,True,0.984375
1751715362.764,::1,::1,17,3.4,False,0.4609999656677246,14.934000015258789,17,0.6260562333520164,0.0,84.984375,10.882170319351513,0.0,0.0,0.0,0.0,0.0,0.0,0.0,0.0,0.0,0.0,top-left,0.13906079845474112,0.0,0.0,none,0.0,265.25,57.5,535.2000122070312,216.0,265.25,57.5,90,touch,DIV,False,845.8627622138239,top-left,0.13815104166666667,0.05324074074074074,False,0.09,239.4342543187184,0.005015624999999996,True,0.9846153846153847
1751715362.767,::1,::1,18,3.6,False,0.003000020980834961,14.937000036239624,17,0.621868301930707,0.0,85.06153846153846,10.815767582671462,0.0,0.0,0.0,0.0,0.0,0.0,0.0,0.0,0.0,0.0,top-left,0.13740600645276865,0.0,0.0,none,0.0,265.25,57.5,265.25,57.5,265.25,57.5,91,gesture,N/A,True,845.8627622138239,top-left,0.13815104166666667,0.05324074074074074,False,0.091,235.75065040612273,0.005938461538461531,True,0.9848484848484849
1751715363.203,::1,::1,19,3.8,False,0.43600010871887207,15.373000144958496,17,0.6176530148613623,0.0,85.15151515151516,10.75800255235316,0.0,0.0,0.0,0.0,0.0,0.0,0.0,0.0,0.0,0.0,top-left,0.13579395875159386,0.0,0.0,none,0.0,76.25,178.50003051757812,384.0,312.8000183105469,76.25,178.50003051757812,81,touch,DIV,False,954.827885242043,top-left,0.039713541666666664,0.16527780603479456,False,0.081,91.08814943762479,0.004151515151515156,True,0.9850746268656716
1751715363.206,::1,::1,20,4.0,False,0.003000020980834961,15.376000165939331,17,0.6136599574122564,0.0,85.08955223880596,10.689276734790935,0.0,0.0,0.0,0.0,0.0,0.0,0.0,0.0,0.0,0.0,top-left,0.1342229641023645,0.0,0.0,none,0.0,76.25,178.50003051757812,76.25,178.50003051757812,76.25,178.50003051757812,81,gesture,N/A,True,954.827885242043,top-left,0.039713541666666664,0.16527780603479456,False,0.081,89.72862481915277,0.004089552238805957,True,0.9852941176470589
1751715363.719,::1,::1,19,3.8,False,0.5130000114440918,15.889000177383423,17,0.6100862629762802,0.0,85.02941176470588,10.62180137075918,0.0,0.0,0.0,0.0,0.0,0.0,0.0,0.0,0.0,0.0,top-left,0.13269142083987176,0.0,0.0,none,0.0,216.25,299.5,496.0,409.6000061035156,216.25,299.5,70,touch,BUTTON,False,781.6676483646999,top-left,0.11263020833333333,0.2773148148148148,False,0.07,99.10358976938068,0.015029411764705874,True,0.9855072463768116
1751715363.722,::1,::1,20,4.0,False,0.0029997825622558594,15.891999959945679,17,0.6062762409976797,0.0,84.81159420289855,10.696437660171606,0.0,0.0,0.0,0.0,0.0,0.0,0.0,0.0,0.0,0.0,top-left,0.13119781096951133,0.0,0.0,none,0.0,216.25,299.5,216.25,299.5,216.25,299.5,71,gesture,N/A,True,781.6676483646999,top-left,0.11263020833333333,0.2773148148148148,False,0.071,97.6673058596795,0.013811594202898556,True,0.9857142857142858
1751715364.127,::1,::1,19,3.8,False,0.4050002098083496,16.29700016975403,17,0.6022869323330401,0.0,84.61428571428571,10.745487899768984,0.0,0.0,0.0,0.0,0.0,0.0,0.0,0.0,0.0,0.0,top-left,0.12974069471942834,0.0,0.0,none,0.0,110.25001525878906,298.5000305175781,411.20001220703125,408.8000183105469,110.25001525878906,298.5000305175781,74,touch,BUTTON,False,883.4009688854201,top-left,0.05742188294728597,0.2763889171459057,False,0.074,55.7130184589017,0.010614285714285715,True,0.9859154929577465
1751715364.13,::1,::1,20,4.0,False,0.003000020980834961,16.300000190734863,17,0.5986432918228672,0.0,84.46478873239437,10.742610937016122,0.0,0.0,0.0,0.0,0.0,0.0,0.0,0.0,0.0,0.0,top-left,0.12831870551552965,0.0,0.0,none,0.0,110.25001525878906,298.5000305175781,110.25001525878906,298.5000305175781,110.25001525878906,298.5000305175781,75,gesture,N/A,True,883.4009688854201,top-left,0.05742188294728597,0.2763889171459057,False,0.075,54.92832805807209,0.009464788732394369,True,0.9861111111111112
1751715365.032,::1,::1,17,3.4,False,0.9019999504089355,17.2020001411438,17,0.5996574399036377,0.0,84.33333333333333,10.72510036213078,0.0,0.0,0.0,0.0,0.0,0.0,0.0,0.0,0.0,0.0,top-left,0.12693054534140227,0.0,0.0,none,0.0,264.2500305175781,300.5,534.4000244140625,410.3999938964844,264.2500305175781,300.5,91,touch,BUTTON,False,735.8180957511108,top-left,0.13763022422790527,0.27824074074074073,False,0.091,139.79353641212276,0.006666666666666668,True,0.9863013698630136
1751715365.034,::1,::1,18,3.6,False,0.0019998550415039062,17.203999996185303,17,0.5961724023764674,0.0,84.42465753424658,10.679538505522435,0.0,0.0,0.0,0.0,0.0,0.0,0.0,0.0,0.0,0.0,top-left,0.12557498044903107,0.0,0.0,none,0.0,264.2500305175781,300.5,264.2500305175781,300.5,264.2500305175781,300.5,91,gesture,N/A,True,735.8180957511108,top-left,0.13763022422790527,0.27824074074074073,False,0.091,137.87855646127178,0.00657534246575342,True,0.9864864864864865
1751715365.521,::1,::1,17,3.4,False,0.4869999885559082,17.69099998474121,17,0.5928411263620808,0.0,84.51351351351352,10.634267968355433,0.0,0.0,0.0,0.0,0.0,0.0,0.0,0.0,0.0,0.0,top-left,0.12425083738963087,0.0,0.0,none,0.0,109.24999237060547,301.5,410.3999938964844,411.20001220703125,109.24999237060547,301.5,100,touch,BUTTON,False,883.5484284867553,top-left,0.05690103769302368,0.2791666666666667,False,0.1,57.70804280698397,0.015486486486486484,True,0.9866666666666667
1751715365.524,::1,::1,18,3.6,False,0.003000020980834961,17.694000005722046,17,0.5894977447492215,0.0,84.72,10.711439367953,0.0,0.0,0.0,0.0,0.0,0.0,0.0,0.0,0.0,0.0,top-left,0.1229569993369445,0.0,0.0,none,0.0,109.24999237060547,301.5,109.24999237060547,301.5,109.24999237060547,301.5,101,gesture,N/A,True,883.5484284867553,top-left,0.05690103769302368,0.2791666666666667,False,0.101,56.938602236224185,0.016280000000000003,True,0.9868421052631579
1751715366.411,::1,::1,17,3.4,False,0.8870000839233398,18.581000089645386,17,0.5902875849557431,0.0,84.9342105263158,10.801237168802993,0.0,0.0,0.0,0.0,0.0,0.0,0.0,0.0,0.0,0.0,top-left,0.12169240267806193,0.0,0.0,none,0.0,215.25003051757812,570.5,495.20001220703125,626.4000244140625,215.25003051757812,570.5,123,touch,DIV,False,745.3742462978369,bottom-left,0.11210939089457193,0.5282407407407408,False,0.123,327.5457979209663,0.038065789473684206,True,0.987012987012987
1751715366.414,::1,::1,18,3.6,False,0.003000020980834961,18.58400011062622,17,0.5870790057299781,0.0,85.42857142857143,11.563970660620996,0.0,0.0,0.0,0.0,0.0,0.0,0.0,0.0,0.0,0.0,top-left,0.16462810025481514,0.0,0.0,none,0.0,215.25003051757812,570.5,215.25003051757812,570.5,215.25003051757812,570.5,124,gesture,N/A,True,745.3742462978369,bottom-left,0.11210939089457193,0.5282407407407408,False,0.124,323.2919563895252,0.03857142857142856,True,0.9871794871794872
1751715366.994,::1,::1,17,3.4,False,0.5799999237060547,19.164000034332275,17,0.5845463776159938,0.0,85.92307692307692,12.28170333001048,0.0,0.0,0.0,0.0,0.0,0.0,0.0,0.0,0.0,0.0,top-left,0.20227300179743635,0.0,0.0,none,0.0,233.25,526.5,509.6000061035156,591.2000122070312,233.25,526.5,73,touch,DIV,False,726.8753761821898,top-left,0.121484375,0.4875,False,0.073,282.1382643629383,0.012923076923076926,True,0.9873417721518988
1751715366.996,::1,::1,18,3.6,False,0.002000093460083008,19.16600012779236,17,0.5814734954488008,0.0,85.75949367088607,12.288942431012716,0.0,0.0,0.0,0.0,0.0,0.0,0.0,0.0,0.0,0.0,top-left,0.20037461247078298,0.0,0.0,none,0.0,233.25,526.5,233.25,526.5,233.25,526.5,74,gesture,N/A,True,726.8753761821898,top-left,0.121484375,0.4875,False,0.074,278.5668939279643,0.011759493670886079,True,0.9875
1751715367.666,::1,::1,17,3.4,False,0.6699998378753662,19.835999965667725,17,0.5797756405842308,0.0,85.6125,12.281585555212324,0.0,0.0,0.0,0.0,0.0,0.0,0.0,0.0,0.0,0.0,top-left,0.1985152433458726,0.0,0.0,none,0.0,35.25001525878906,175.5,351.20001220703125,310.3999938964844,35.25001525878906,175.5,89,touch,DIV,False,993.9933522307228,top-left,0.01835938294728597,0.1625,True,0.089,140.1312037887324,0.0033875000000000016,True,0.9876543209876543
1751715367.668,::1,::1,18,3.6,False,0.002000093460083008,19.838000059127808,17,0.5768253691129569,0.0,85.65432098765432,12.211268317486857,0.0,0.0,0.0,0.0,0.0,0.0,0.0,0.0,0.0,0.0,top-left,0.1966936617438805,0.0,0.0,none,0.0,35.25001525878906,175.5,35.25001525878906,175.5,35.25001525878906,175.5,89,gesture,N/A,True,993.9933522307228,top-left,0.01835938294728597,0.1625,True,0.089,138.40118892714312,0.003345679012345684,True,0.9878048780487805
1751715368.156,::1,::1,16,3.2,False,0.48799991607666016,20.325999975204468,17,0.5739178402937265,0.0,85.6951219512195,12.142134887212967,0.0,0.0,0.0,0.0,0.0,0.0,0.0,0.0,0.0,0.0,top-left,0.19490868718781756,0.0,0.0,none,0.0,243.2500457763672,63.50000762939453,517.6000366210938,220.8000030517578,243.2500457763672,63.50000762939453,49,touch,DIV,False,860.6873646154954,top-left,0.12669273217519125,0.05879630336055049,False,0.049,227.1353292216457,0.0366951219512195,True,0.9879518072289156
1751715368.157,::1,::1,16,3.2,False,0.0010001659393310547,20.3270001411438,17,0.5710855519512769,0.0,85.25301204819277,12.71546195996341,0.0,0.0,0.0,0.0,0.0,0.0,0.0,0.0,0.0,0.0,top-left,0.1931591886475105,0.0,0.0,none,0.0,243.2500457763672,63.50000762939453,243.2500457763672,63.50000762939453,243.2500457763672,63.50000762939453,48,gesture,N/A,True,860.6873646154954,top-left,0.12669273217519125,0.05879630336055049,False,0.048,224.3987589900596,0.03725301204819277,True,0.9880952380952381
1751715368.949,::1,::1,15,3.0,False,0.7919998168945312,21.11899995803833,17,0.5707687351980723,0.0,84.80952380952381,13.269618172348038,0.0,0.0,0.0,0.0,0.0,0.0,0.0,0.0,0.0,0.0,top-left,0.19144408195771734,0.0,0.0,none,0.0,38.25000762939453,56.499996185302734,353.6000061035156,215.1999969482422,38.25000762939453,56.499996185302734,81,touch,ION-ICON,False,1040.8627681515097,top-left,0.019921878973642986,0.052314811282687716,True,0.081,228.21879969203803,0.0038095238095238043,True,0.9882352941176471
1751715368.951,::1,::1,16,3.2,False,0.002000093460083008,21.121000051498413,17,0.5680383218558718,0.0,84.76470588235294,13.197724455217564,0.0,0.0,0.0,0.0,0.0,0.0,0.0,0.0,0.0,0.0,top-left,0.1897623273968212,0.0,0.0,none,0.0,38.25000762939453,56.499996185302734,38.25000762939453,56.499996185302734,38.25000762939453,56.499996185302734,82,gesture,N/A,True,1040.8627681515097,top-left,0.019921878973642986,0.052314811282687716,True,0.082,225.5338726368376,0.002764705882352933,True,0.9883720930232558
1751715370.434,::1,::1,13,2.6,False,1.4830000400543213,22.604000091552734,17,0.5800265939863294,0.0,84.73255813953489,13.124116287950326,0.0,0.0,0.0,0.0,0.0,0.0,0.0,0.0,0.0,0.0,top-left,0.18811292741457375,0.0,0.0,none,0.0,122.2500228881836,366.5,420.8000183105469,463.20001220703125,122.2500228881836,366.5,104,touch,INPUT,False,855.527482989792,top-left,0.06367188692092896,0.33935185185185185,False,0.104,112.18129578078343,0.019267441860465112,True,0.9885057471264368
1751715370.437,::1,::1,14,2.8,False,0.003000020980834961,22.60700011253357,17,0.5773482027020788,0.0,84.95402298850574,13.209112185726326,0.0,0.0,0.0,0.0,0.0,0.0,0.0,0.0,0.0,0.0,top-left,0.18649492449829422,0.0,0.0,none,0.0,122.2500228881836,366.5,122.2500228881836,366.5,122.2500228881836,366.5,106,gesture,N/A,True,855.527482989792,top-left,0.06367188692092896,0.33935185185185185,False,0.106,110.89185559939514,0.021045977011494257,True,0.9886363636363636
1751715370.998,::1,::1,13,2.6,False,0.560999870300293,23.167999982833862,17,0.5749451823897749,0.0,85.19318181818181,13.321938463357636,0.0,0.0,0.0,0.0,0.0,0.0,0.0,0.0,0.0,0.0,top-left,0.18490739916777568,0.0,0.0,none,0.0,122.2500228881836,453.5,420.8000183105469,532.7999877929688,122.2500228881836,453.5,84,touch,BUTTON,False,842.2038198386712,top-left,0.06367188692092896,0.4199074074074074,False,0.084,196.1101833155726,0.0011931818181818016,True,0.9887640449438202
1751715371.001,::1,::1,14,2.8,False,0.003000020980834961,23.171000003814697,17,0.5723638492644143,0.0,85.17977528089888,13.247481675247494,0.0,0.0,0.0,0.0,0.0,0.0,0.0,0.0,0.0,0.0,top-left,0.1833494680899324,0.0,0.0,none,0.0,122.2500228881836,453.5,122.2500228881836,453.5,122.2500228881836,453.5,86,gesture,N/A,True,842.2038198386712,top-left,0.06367188692092896,0.4199074074074074,False,0.086,193.90669810977965,0.0008202247191011064,True,0.9888888888888889
1751715371.555,::1,::1,13,2.6,False,0.5540001392364502,23.725000143051147,17,0.5700068881315522,0.0,85.18888888888888,13.173959536773415,0.0,0.0,0.0,0.0,0.0,0.0,0.0,0.0,0.0,0.0,top-left,0.18182028230491803,0.0,0.0,none,0.0,107.2500228881836,575.5,408.8000183105469,630.4000244140625,107.2500228881836,575.5,94,touch,DIV,False,853.4885901195184,bottom-left,0.055859386920928955,0.5328703703703703,False,0.094,314.6092930401378,0.008811111111111117,True,0.989010989010989
1751715371.558,::1,::1,14,2.8,False,0.003000020980834961,23.728000164031982,17,0.5675170376925965,0.0,85.28571428571429,13.133537068069947,0.0,0.0,0.0,0.0,0.0,0.0,0.0,0.0,0.0,0.0,top-left,0.21282591267100207,0.0,0.0,none,0.0,107.2500228881836,575.5,107.2500228881836,575.5,107.2500228881836,575.5,95,gesture,N/A,True,853.4885901195184,bottom-left,0.055859386920928955,0.5328703703703703,False,0.095,311.15204806167475,0.009714285714285703,True,0.9891304347826086
1751715372.115,::1,::1,13,2.6,False,0.556999921798706,24.28500008583069,17,0.5652595612229919,0.0,85.3913043478261,13.100743856858838,0.0,0.0,0.0,0.0,0.0,0.0,0.0,0.0,0.0,0.0,top-left,0.2410883129928447,0.0,0.0,none,0.0,99.24999237060547,674.5000610351562,402.3999938964844,709.6000366210938,99.24999237060547,674.5000610351562,86,touch,DIV,False,871.1950654431322,bottom-left,0.051692704359690346,0.6245370935510706,False,0.086,407.0818833971692,0.0006086956521739045,True,0.989247311827957
1751715372.117,::1,::1,14,2.8,False,0.002000093460083008,24.28700017929077,17,0.5628611540751294,0.0,85.39784946236558,13.030270617467437,0.0,0.0,0.0,0.0,0.0,0.0,0.0,0.0,0.0,0.0,top-left,0.2670592940006876,0.0,0.0,none,0.0,99.24999237060547,674.5000610351562,99.24999237060547,674.5000610351562,99.24999237060547,674.5000610351562,86,gesture,N/A,True,871.1950654431322,bottom-left,0.051692704359690346,0.6245370935510706,False,0.086,402.70465884451147,0.000602150537634405,True,0.9893617021276596
1751715372.639,::1,::1,14,2.8,False,0.5219998359680176,24.80900001525879,17,0.5604984258514296,0.0,85.40425531914893,12.960922567747735,0.0,0.0,0.0,0.0,0.0,0.0,0.0,0.0,0.0,0.0,top-left,0.2910671247036172,0.0,0.0,none,0.0,260.25,632.5,531.2000122070312,676.0,260.25,632.5,111,touch,DIV,False,705.8373130545027,bottom-left,0.135546875,0.5856481481481481,False,0.111,375.66879949287096,0.025595744680851074,True,0.9894736842105263
1751715372.642,::1,::1,14,2.8,False,0.003000020980834961,24.812000036239624,17,0.5581761945396528,0.0,85.67368421052632,13.154500614869148,0.0,0.0,0.0,0.0,0.0,0.0,0.0,0.0,0.0,0.0,top-left,0.31336227398130245,0.0,0.0,none,0.0,260.25,632.5,260.25,632.5,260.25,632.5,112,gesture,N/A,True,705.8373130545027,bottom-left,0.135546875,0.5856481481481481,False,0.112,371.71439107715645,0.026326315789473684,True,0.9895833333333334
1751715373.165,::1,::1,13,2.6,False,0.5230000019073486,25.335000038146973,17,0.5558973535107912,0.0,85.94791666666667,13.35599880177651,0.0,0.0,0.0,0.0,0.0,0.0,0.0,0.0,0.0,0.0,top-left,0.3341427913871891,0.0,0.0,none,0.0,154.25,540.5,446.3999938964844,602.4000244140625,154.25,540.5,102,touch,DIV,False,805.7501551349525,bottom-left,0.08033854166666667,0.500462962962963,False,0.102,255.74549603414923,0.016052083333333328,True,0.9896907216494846
1751715373.167,::1,::1,14,2.8,False,0.002000093460083008,25.337000131607056,17,0.5536568866143473,0.0,86.11340206185567,13.385540967128529,0.0,0.0,0.0,0.0,0.0,0.0,0.0,0.0,0.0,0.0,top-left,0.3535695818169525,0.0,0.0,none,0.0,154.25,540.5,154.25,540.5,154.25,540.5,101,gesture,N/A,True,805.7501551349525,bottom-left,0.08033854166666667,0.500462962962963,False,0.101,253.10894452864258,0.014886597938144341,True,0.9897959183673469
1751715373.989,::1,::1,14,2.8,False,0.8220000267028809,26.159000158309937,17,0.553700608126736,0.0,86.26530612244898,13.40084601381125,0.0,0.0,0.0,0.0,0.0,0.0,0.0,0.0,0.0,0.0,top-left,0.37177617994345286,0.0,0.0,none,0.0,312.25,527.5,572.7999877929688,592.0,312.25,527.5,93,touch,DIV,False,647.8705985765985,top-left,0.16263020833333333,0.48842592592592593,False,0.093,293.442425787406,0.006734693877551018,True,0.98989898989899
1751715373.992,::1,::1,14,2.8,False,0.003000020980834961,26.16200017929077,17,0.551528841876211,0.0,86.33333333333333,13.349989596333858,0.0,0.0,0.0,0.0,0.0,0.0,0.0,0.0,0.0,0.0,top-left,0.3693331216456527,0.0,0.0,none,0.0,312.25,527.5,312.25,527.5,312.25,527.5,94,gesture,N/A,True,647.8705985765985,top-left,0.16263020833333333,0.48842592592592593,False,0.094,290.4783608804625,0.007666666666666669,True,0.99
1751715374.646,::1,::1,15,3.0,False,0.6539998054504395,26.81599998474121,17,0.5501326966784058,0.0,86.41,13.304957722593485,0.0,0.0,0.0,0.0,0.0,0.0,0.0,0.0,0.0,0.0,top-left,0.3669249912727096,0.0,0.0,none,0.0,335.25,584.5000610351562,591.2000122070312,637.6000366210938,335.25,584.5000610351562,83,touch,DIV,False,626.3328331902557,bottom-left,0.174609375,0.5412037602177373,False,0.083,347.5032613545836,0.0034099999999999964,True,0.9900990099009901
1751715374.655,::1,::1,16,3.2,False,0.009000062942504883,26.825000047683716,17,0.548003552777396,0.0,86.37623762376238,13.243232147995942,0.0,0.0,0.0,0.0,0.0,0.0,0.0,0.0,0.0,0.0,top-left,0.383932582969159,0.0,0.0,none,0.0,335.25,584.5000610351562,335.25,584.5000610351562,335.25,584.5000610351562,91,gesture,N/A,True,626.3328331902557,bottom-left,0.174609375,0.5412037602177373,False,0.091,344.06263500453827,0.004623762376237614,True,0.9901960784313726
1751715389.489,::1,::1,1,0.2,False,14.83400011062622,41.65900015830994,17,1.5354911808307152,0.0,86.42156862745098,13.186026676000328,0.0,0.0,0.0,0.0,0.0,0.0,0.0,0.0,0.0,0.0,top-left,0.39994886927744955,0.0,0.0,none,0.0,212.25003051757812,145.5,492.8000183105469,286.3999938964844,212.25003051757812,145.5,73,touch,DIV,False,845.4349572030736,top-left,0.11054689089457194,0.13472222222222222,False,0.073,168.65093234226714,0.013421568627450989,True,0.9902912621359223
1751715389.492,::1,::1,2,0.4,False,0.003000020980834961,41.66200017929077,17,1.5285361796700556,0.0,86.29126213592232,13.187689955719236,0.0,0.0,0.0,0.0,0.0,0.0,0.0,0.0,0.0,0.0,top-left,0.3974917113289167,0.0,0.0,none,0.0,212.25003051757812,145.5,212.25003051757812,145.5,212.25003051757812,145.5,74,gesture,N/A,True,845.4349572030736,top-left,0.11054689089457194,0.13472222222222222,False,0.074,167.01354464962373,0.012291262135922326,True,0.9903846153846154
1751715389.855,::1,::1,3,0.6,False,0.36299991607666016,42.02500009536743,17,1.521175084476546,0.0,86.17307692307692,13.178830860142211,0.0,0.0,0.0,0.0,0.0,0.0,0.0,0.0,0.0,0.0,top-left,0.3950671208304354,0.0,0.0,none,0.0,212.25003051757812,145.5,492.8000183105469,286.3999938964844,212.25003051757812,145.5,77,touch,DIV,False,845.4349572030736,top-left,0.11054689089457194,0.13472222222222222,False,0.077,165.40764518183892,0.009173076923076923,True,0.9904761904761905
1751715389.858,::1,::1,4,0.8,False,0.003000020980834961,42.02800011634827,17,1.5144151679930837,0.0,86.08571428571429,13.146148656157662,0.0,0.0,0.0,0.0,0.0,0.0,0.0,0.0,0.0,0.0,top-left,0.39267446722755217,0.0,0.0,none,0.0,212.25003051757812,145.5,212.25003051757812,145.5,212.25003051757812,145.5,80,gesture,N/A,True,845.4349572030736,top-left,0.11054689089457194,0.13472222222222222,False,0.08,163.83233427534518,0.0060857142857142915,True,0.9905660377358491
1751715390.405,::1,::1,5,1.0,False,0.5469999313354492,42.575000047683716,17,1.5073215158937456,0.0,86.02830188679245,13.097210957003808,0.0,0.0,0.0,0.0,0.0,0.0,0.0,0.0,0.0,0.0,top-left,0.3903131346486206,0.0,0.0,none,0.0,109.24999237060547,72.5,410.3999938964844,228.0,109.24999237060547,72.5,85,touch,DIV,False,970.7377737996059,top-left,0.05690103769302368,0.06712962962962964,False,0.085,226.002434168307,0.0010283018867924404,True,0.9906542056074766
1751715390.407,::1,::1,6,1.2,False,0.002000093460083008,42.5770001411438,17,1.5007541787092356,0.0,86.01869158878505,13.03624086376719,0.0,0.0,0.0,0.0,0.0,0.0,0.0,0.0,0.0,0.0,top-left,0.3879825215846499,0.0,0.0,none,0.0,109.24999237060547,72.5,109.24999237060547,72.5,109.24999237060547,72.5,87,gesture,N/A,True,970.7377737996059,top-left,0.05690103769302368,0.06712962962962964,False,0.087,223.89026188636018,0.0009813084112149512,True,0.9907407407407407
1751715390.871,::1,::1,7,1.4,False,0.46399998664855957,43.04100012779236,17,1.4938034939978835,0.0,86.02777777777777,12.976087932219455,0.0,0.0,0.0,0.0,0.0,0.0,0.0,0.0,0.0,0.0,top-left,0.3856820405687198,0.0,0.0,none,0.0,51.25,150.5,364.0,290.3999938964844,51.25,150.5,70,touch,DIV,False,988.7046133704445,top-left,0.026692708333333332,0.13935185185185187,False,0.07,170.64122116321758,0.016027777777777766,True,0.9908256880733946
1751715390.873,::1,::1,8,1.6,False,0.0019998550415039062,43.04299998283386,17,1.4874159317066789,0.0,85.88073394495413,13.006508441801202,0.0,0.0,0.0,0.0,0.0,0.0,0.0,0.0,0.0,0.0,top-left,0.3834111178560703,0.0,0.0,none,0.0,51.25,150.5,51.25,150.5,51.25,150.5,71,gesture,N/A,True,988.7046133704445,top-left,0.026692708333333332,0.13935185185185187,False,0.071,169.07570537272937,0.014880733944954136,True,0.990909090909091
1751715391.406,::1,::1,9,1.8,False,0.5329999923706055,43.57599997520447,17,1.4806975376070732,0.0,85.74545454545455,13.024059110065469,0.0,0.0,0.0,0.0,0.0,0.0,0.0,0.0,0.0,0.0,top-left,0.38116919310581715,0.0,0.0,none,0.0,265.25,187.5,535.2000122070312,320.0,265.25,187.5,80,touch,DIV,False,779.0595692885108,top-left,0.13815104166666667,0.1736111111111111,False,0.08,155.73210488737107,0.005745454545454554,True,0.990990990990991
1751715391.408,::1,::1,10,2.0,False,0.002000093460083008,43.57800006866455,17,1.4744830298106804,0.0,85.69369369369369,12.976619857775116,0.0,0.0,0.0,0.0,0.0,0.0,0.0,0.0,0.0,0.0,top-left,0.37895571906511116,0.0,0.0,none,0.0,265.25,187.5,265.25,187.5,265.25,187.5,80,gesture,N/A,True,779.0595692885108,top-left,0.13815104166666667,0.1736111111111111,False,0.08,154.32911295144882,0.0056936936936936855,True,0.9910714285714286
1751715391.926,::1,::1,11,2.2,False,0.5180001258850098,44.09600019454956,17,1.46793315859861,0.0,85.64285714285714,12.929656623753134,0.0,0.0,0.0,0.0,0.0,0.0,0.0,0.0,0.0,0.0,top-left,0.37677016125643675,0.0,0.0,none,0.0,21.25,224.5,340.0,349.6000061035156,21.25,224.5,57,touch,DIV,False,990.3493386174396,top-left,0.011067708333333334,0.20787037037037037,True,0.057,141.69506821057095,0.028642857142857144,True,0.9911504424778761
1751715391.929,::1,::1,12,2.4,False,0.0029997825622558594,44.098999977111816,17,1.4618814879354394,0.0,85.38938053097345,13.148864231929291,0.0,0.0,0.0,0.0,0.0,0.0,0.0,0.0,0.0,0.0,top-left,0.37461199766864123,0.0,0.0,none,0.0,21.25,224.5,21.25,224.5,21.25,224.5,58,gesture,N/A,True,990.3493386174396,top-left,0.011067708333333334,0.20787037037037037,True,0.058,140.44112955384023,0.027389380530973458,True,0.9912280701754386
1751715392.378,::1,::1,13,2.6,False,0.44900012016296387,44.54800009727478,17,1.4554659117353514,0.0,85.14912280701755,13.337871457620446,0.0,0.0,0.0,0.0,0.0,0.0,0.0,0.0,0.0,0.0,top-left,0.37248071845219055,0.0,0.0,none,0.0,21.25,224.5,340.0,349.6000061035156,21.25,224.5,77,touch,DIV,False,990.3493386174396,top-left,0.011067708333333334,0.20787037037037037,True,0.077,139.2091898209118,0.008149122807017545,True,0.991304347826087
1751715392.38,::1,::1,14,2.8,False,0.002000093460083008,44.55000019073486,17,1.4495734471703154,0.0,85.07826086956521,13.301289787795152,0.0,0.0,0.0,0.0,0.0,0.0,0.0,0.0,0.0,0.0,top-left,0.37037582561906895,0.0,0.0,none,0.0,21.25,224.5,21.25,224.5,21.25,224.5,78,gesture,N/A,True,990.3493386174396,top-left,0.011067708333333334,0.20787037037037037,True,0.078,137.99867512681695,0.007078260869565214,True,0.9913793103448276
1751715392.989,::1,::1,15,3.0,False,0.6089999675750732,45.15900015830994,17,1.443457154472697,0.0,85.01724137931035,13.259988270799338,0.0,0.0,0.0,0.0,0.0,0.0,0.0,0.0,0.0,0.0,top-left,0.36829683274766406,0.0,0.0,none,0.0,3.2500076293945312,417.5,325.6000061035156,504.0,3.2500076293945312,417.5,76,touch,DIV,False,964.5604169263601,top-left,0.0016927123069763184,0.38657407407407407,True,0.076,193.93702186285643,0.009017241379310356,True,0.9914529914529915
1751715392.99,::1,::1,16,3.2,False,0.0009999275207519531,45.16000008583069,17,1.4377197109586042,0.0,84.94017094017094,13.229267345574886,0.0,0.0,0.0,0.0,0.0,0.0,0.0,0.0,0.0,0.0,top-left,0.3662432646929176,0.0,0.0,none,0.0,3.2500076293945312,417.5,3.2500076293945312,417.5,3.2500076293945312,417.5,77,gesture,N/A,True,964.5604169263601,top-left,0.0016927123069763184,0.38657407407407407,True,0.077,192.2794404794132,0.007940170940170951,True,0.9915254237288136
1751715393.6,::1,::1,17,3.4,False,0.6099998950958252,45.769999980926514,17,1.4317619833968986,0.0,84.87288135593221,13.19318430238777,0.0,0.0,0.0,0.0,0.0,0.0,0.0,0.0,0.0,0.0,top-left,0.36421465730196667,0.0,0.0,none,0.0,293.25006103515625,475.50006103515625,557.6000366210938,550.4000244140625,293.25006103515625,475.50006103515625,96,touch,DIV,False,669.8624659107953,top-left,0.15273440678914388,0.44027783429181133,False,0.096,242.05361638267723,0.01112711864406779,True,0.9915966386554622
1751715393.601,::1,::1,18,3.6,False,0.0010001659393310547,45.771000146865845,17,1.4261708142020886,0.0,84.96638655462185,13.1768403738199,0.0,0.0,0.0,0.0,0.0,0.0,0.0,0.0,0.0,0.0,top-left,0.362210557135449,0.0,0.0,none,0.0,293.25006103515625,475.50006103515625,293.25006103515625,475.50006103515625,293.25006103515625,475.50006103515625,96,gesture,N/A,True,669.8624659107953,top-left,0.15273440678914388,0.44027783429181133,False,0.096,240.01955237946143,0.011033613445378149,True,0.9916666666666667
1751715394.168,::1,::1,19,3.8,False,0.5669999122619629,46.33800005912781,17,1.42031276279577,0.0,85.05833333333334,13.160101211194725,0.0,0.0,0.0,0.0,0.0,0.0,0.0,0.0,0.0,0.0,top-left,0.3602305211946065,0.0,0.0,none,0.0,276.25,521.5,544.0,587.2000122070312,276.25,521.5,77,touch,DIV,False,684.0002284356343,top-left,0.14388020833333334,0.4828703703703704,False,0.077,266.6172444923192,0.008058333333333334,True,0.9917355371900827
1751715394.171,::1,::1,20,4.0,False,0.003000020980834961,46.34100008010864,17,1.4148568013007863,0.0,84.99173553719008,13.12589760347846,0.0,0.0,0.0,0.0,0.0,0.0,0.0,0.0,0.0,0.0,top-left,0.35827411665428166,0.0,0.0,none,0.0,276.25,521.5,276.25,521.5,276.25,521.5,78,gesture,N/A,True,684.0002284356343,top-left,0.14388020833333334,0.4828703703703704,False,0.078,264.4137961907297,0.006991735537190083,True,0.9918032786885246
1751715394.649,::1,::1,19,3.8,False,0.4779999256134033,46.819000005722046,17,1.4090723203237403,0.0,84.93442622950819,13.08718413583356,0.0,0.0,0.0,0.0,0.0,0.0,0.0,0.0,0.0,0.0,top-left,0.3563409206018685,0.0,0.0,none,0.0,206.25,589.5000610351562,488.0,641.6000366210938,206.25,589.5000610351562,76,touch,DIV,False,755.3736284399159,bottom-left,0.107421875,0.5458333898473668,False,0.076,301.89391424559346,0.008934426229508186,True,0.991869918699187
1751715394.652,::1,::1,20,4.0,False,0.003000020980834961,46.82200002670288,17,1.4037491822122514,0.0,84.86178861788618,13.058545595165208,0.0,0.0,0.0,0.0,0.0,0.0,0.0,0.0,0.0,0.0,top-left,0.3707947167874672,0.0,0.0,none,0.0,206.25,589.5000610351562,206.25,589.5000610351562,206.25,589.5000610351562,76,gesture,N/A,True,755.3736284399159,bottom-left,0.107421875,0.5458333898473668,False,0.076,299.4394921785562,0.008861788617886182,True,0.9919354838709677
1751715395.137,::1,::1,19,3.8,False,0.4850001335144043,47.307000160217285,17,1.398108586895931,0.0,84.79032258064517,13.029912356764877,0.0,0.0,0.0,0.0,0.0,0.0,0.0,0.0,0.0,0.0,top-left,0.38454291975622856,0.0,0.0,none,0.0,12.250022888183594,574.5000610351562,332.8000183105469,629.6000366210938,12.250022888183594,574.5000610351562,82,touch,DIV,False,948.3777060469515,bottom-left,0.006380220254262288,0.531944500958478,True,0.082,307.51291044326473,0.0027903225806451687,True,0.992
1751715395.139,::1,::1,20,4.0,False,0.0019998550415039062,47.30900001525879,17,1.392915271632695,0.0,84.768,12.980068412762698,0.0,0.0,0.0,0.0,0.0,0.0,0.0,0.0,0.0,0.0,top-left,0.39763534227532993,0.0,0.0,none,0.0,12.250022888183594,574.5000610351562,12.250022888183594,574.5000610351562,12.250022888183594,574.5000610351562,83,gesture,N/A,True,948.3777060469515,bottom-left,0.006380220254262288,0.531944500958478,True,0.083,305.0528071597186,0.0017679999999999918,True,0.9920634920634921
1751715395.598,::1,::1,19,3.8,False,0.4590001106262207,47.76800012588501,17,1.3873952199920305,0.0,84.75396825396825,12.929409387520503,0.0,0.0,0.0,0.0,0.0,0.0,0.0,0.0,0.0,0.0,top-left,0.410116318288409,0.0,0.0,none,0.0,156.25,576.5,448.0,631.2000122070312,156.25,576.5,89,touch,DIV,False,804.5783445383054,bottom-left,0.08138020833333333,0.5337962962962963,False,0.089,273.99359263879364,0.004246031746031748,True,0.9921259842519685
1751715395.6,::1,::1,20,4.0,False,0.0019998550415039062,47.769999980926514,17,1.382324146003084,0.0,84.78740157480316,12.883872554024428,0.0,0.0,0.0,0.0,0.0,0.0,0.0,0.0,0.0,0.0,top-left,0.42202556572175587,0.0,0.0,none,0.0,156.25,576.5,156.25,576.5,156.25,576.5,90,gesture,N/A,True,804.5783445383054,bottom-left,0.08138020833333333,0.5337962962962963,False,0.09,271.83616277549606,0.005212598425196835,True,0.9921875
1751715396.182,::1,::1,19,3.8,False,0.5820000171661377,48.35199999809265,17,1.3770331338645785,0.0,84.828125,12.841649387223395,0.0,0.0,0.0,0.0,0.0,0.0,0.0,0.0,0.0,0.0,top-left,0.4333988732907457,0.0,0.0,none,0.0,207.25003051757812,646.5,488.8000183105469,687.2000122070312,207.25003051757812,646.5,88,touch,DIV,False,760.2465169639299,bottom-left,0.10794272422790527,0.5986111111111111,False,0.088,345.06162114153057,0.0031718749999999907,True,0.9922480620155039
1751715396.183,::1,::1,20,4.0,False,0.0010001659393310547,48.35300016403198,17,1.3720833261399128,0.0,84.85271317829458,12.794803193589754,0.0,0.0,0.0,0.0,0.0,0.0,0.0,0.0,0.0,0.0,top-left,0.4442686545817681,0.0,0.0,none,0.0,207.25003051757812,646.5,207.25003051757812,646.5,207.25003051757812,646.5,88,gesture,N/A,True,760.2465169639299,bottom-left,0.10794272422790527,0.5986111111111111,False,0.088,342.3867248536117,0.003147286821705411,True,0.9923076923076923
1751715400.097,::1,::1,7,1.4,False,3.9139997959136963,52.26699995994568,17,1.4013356466160414,0.0,84.87692307692308,12.748463186183168,0.0,0.0,0.0,0.0,0.0,0.0,0.0,0.0,0.0,0.0,top-left,0.45466440043020795,0.0,0.0,none,0.0,275.25,70.50001525878906,543.2000122070312,226.40000915527344,275.25,70.50001525878906,56,touch,DIV,False,830.2486363566021,top-left,0.143359375,0.06527779190628617,False,0.056,273.8751434325683,0.02887692307692307,True,0.9923664122137404
1751715400.098,::1,::1,8,1.6,False,0.0010001659393310547,52.26800012588501,17,1.396413135566538,0.0,84.65648854961832,12.946024761885985,0.0,0.0,0.0,0.0,0.0,0.0,0.0,0.0,0.0,0.0,top-left,0.452603024446498,0.0,0.0,none,0.0,275.25,70.50001525878906,275.25,70.50001525878906,275.25,70.50001525878906,56,gesture,N/A,True,830.2486363566021,top-left,0.143359375,0.06527779190628617,False,0.056,271.7844934827013,0.02865648854961831,True,0.9924242424242424
1751715402.636,::1,::1,3,0.6,False,2.5379998683929443,54.805999994277954,17,1.4034230739747164,0.0,84.43939393939394,13.134074107564398,0.0,0.0,0.0,0.0,0.0,0.0,0.0,0.0,0.0,0.0,top-left,0.45056120886630463,0.0,0.0,none,0.0,252.24998474121094,108.5000228881836,524.7999877929688,256.8000183105469,252.24998474121094,108.5000228881836,96,touch,DIV,False,828.9163494263545,top-left,0.13138020038604736,0.10046298415572555,False,0.096,225.3870121385327,0.011560606060606063,True,0.9924812030075187
1751715402.637,::1,::1,4,0.8,False,0.0010001659393310547,54.807000160217285,17,1.3985948477854193,0.0,84.52631578947368,13.122659589323709,0.0,0.0,0.0,0.0,0.0,0.0,0.0,0.0,0.0,0.0,top-left,0.4485387047664753,0.0,0.0,none,0.0,252.24998474121094,108.5000228881836,252.24998474121094,108.5000228881836,252.24998474121094,108.5000228881836,95,gesture,N/A,True,828.9163494263545,top-left,0.13138020038604736,0.10046298415572555,False,0.095,223.69237294952117,0.010473684210526316,True,0.9925373134328358
1751715403.157,::1,::1,5,1.0,False,0.5199999809265137,55.3270001411438,17,1.3933973920307674,0.0,84.6044776119403,13.10464122904691,0.0,0.0,0.0,0.0,0.0,0.0,0.0,0.0,0.0,0.0,top-left,0.44653526592901926,0.0,0.0,none,0.0,167.25003051757812,62.5,456.8000183105469,220.0,167.25003051757812,62.5,94,touch,DIV,False,925.4505735664011,top-left,0.08710939089457194,0.05787037037037037,False,0.094,243.68621398229416,0.009395522388059699,True,0.9925925925925926
1751715403.159,::1,::1,6,1.2,False,0.0019998550415039062,55.3289999961853,17,1.3886740856348716,0.0,84.67407407407407,13.080848103453542,0.0,0.0,0.0,0.0,0.0,0.0,0.0,0.0,0.0,0.0,top-left,0.44455064889489293,0.0,0.0,none,0.0,167.25003051757812,62.5,167.25003051757812,62.5,167.25003051757812,62.5,94,gesture,N/A,True,925.4505735664011,top-left,0.08710939089457194,0.05787037037037037,False,0.094,241.88113091575866,0.009325925925925932,True,0.9926470588235294
1751715446.536,::1,::1,8,0.2,False,43.37700009346008,98.70600008964539,17,3.922913232553197,0.535959889216217,84.74264705882354,13.056999657344832,0.903856294358388,0.32673336630637567,243.81367923455363,85.20794007615012,0.0,0.0,0.0,0.0,0.0,0.0,top-left,0.447500078412686,1.0921047898339233,0.525,none,0.0,36.25,55.5000114440918,352.0,214.40000915527344,36.25,55.5000114440918,64,touch,ION-ICON,False,1043.0984140581727,top-left,0.018880208333333332,0.05138889948527018,True,0.064,271.5847020115748,0.020742647058823532,True,0.7740112994350282
1751715446.537,::1,::1,9,0.4,False,0.0009999275207519531,98.70700001716614,17,3.909056703149154,0.534383828602018,84.5912408759124,13.128536225479618,0.903856294358388,0.32673336630637567,243.81367923455363,85.20794007615012,0.0,0.0,0.0,0.0,0.0,0.0,top-left,0.4459859156998361,1.0921047898339233,0.525,none,0.0,36.25,55.5000114440918,36.25,55.5000114440918,36.25,55.5000114440918,63,gesture,N/A,True,1043.0984140581727,top-left,0.018880208333333332,0.05138889948527018,True,0.063,269.60233192389904,0.02159124087591241,True,0.7752808988764045
1751715487.657,::1,::1,7,0.2,False,41.12000012397766,139.8270001411438,17,5.187605605745653,0.6468606829323766,84.43478260869566,13.208449492511198,0.8002776797336777,0.2986946224195951,213.27725375670454,84.22856123654664,0.0,0.0,0.0,0.0,0.0,0.0,top-left,0.4402950964222924,1.023835475367705,0.6216216216216216,none,0.0,137.25003051757812,281.5,432.8000183105469,395.20001220703125,137.25003051757812,281.5,91,touch,INPUT#ion-input-0,False,862.4034799809925,top-left,0.07148439089457194,0.26064814814814813,False,0.091,20.3792640543273,0.006565217391304348,True,0.6572769953051644
1751715487.658,::1,::1,8,0.4,False,0.0009999275207519531,139.82800006866455,17,5.169619346328935,0.6458335102996846,84.4820143884892,13.172542031367305,0.8002776797336777,0.2986946224195951,213.27725375670454,84.22856123654664,0.0,0.0,0.0,0.0,0.0,0.0,top-left,0.4390465456040512,1.023835475367705,0.6216216216216216,none,0.0,137.25003051757812,281.5,137.25003051757812,281.5,137.25003051757812,281.5,90,gesture,N/A,True,862.4034799809925,top-left,0.07148439089457194,0.26064814814814813,False,0.09,20.232650643864496,0.0055179856115107895,True,0.6588785046728972
1751715490.917,::1,::1,10,0.6,False,3.259000062942505,143.08700013160706,17,5.154616493309537,0.6714252092327271,84.52142857142857,13.133636128627277,0.8002776797336777,0.2986946224195951,213.27725375670454,84.22856123654664,182.0,0.0,528.0,0.0,8.0,0.0,top-left,0.4378054963434058,1.023835475367705,0.6216216216216216,search,0.0,167.25003051757812,281.5,456.8000183105469,395.20001220703125,167.25003051757812,281.5,117,touch,INPUT#ion-input-0,False,833.8313763072128,top-left,0.08710939089457194,0.26064814814814813,False,0.117,25.147397756018805,0.03247857142857144,True,0.6604651162790698
1751715490.919,::1,::1,11,0.8,False,0.0019998550415039062,143.08899998664856,17,5.137018404122277,0.67029710471921,84.7517730496454,13.3677690221422,0.8002776797336777,0.2986946224195951,213.27725375670454,84.22856123654664,182.0,0.0,528.0,0.0,8.0,0.0,top-left,0.43657188628550486,1.023835475367705,0.6216216216216216,search,0.0,167.25003051757812,281.5,167.25003051757812,281.5,167.25003051757812,281.5,117,gesture,N/A,True,833.8313763072128,top-left,0.08710939089457194,0.26064814814814813,False,0.117,24.96904741732363,0.03224822695035462,True,0.6620370370370371
1751715519.246,::1,::1,10,0.2,False,28.3270001411438,171.41600012779236,17,5.605295099047498,0.8329703450488423,84.97887323943662,13.590835929611611,0.8002776797336777,0.2986946224195951,213.27725375670454,84.22856123654664,337.07142857142856,251.6458578143142,563.9285714285714,293.13854946709665,12.285714285714286,8.530856358190638,top-left,0.4353456535872843,1.023835475367705,0.6216216216216216,search,0.0,38.25000762939453,55.5000114440918,353.6000061035156,214.40000915527344,38.25000762939453,55.5000114440918,129,touch,ION-ICON,False,1041.327656093838,top-left,0.019921878973642986,0.05138889948527018,True,0.129,266.42391168319574,0.044021126760563384,True,0.663594470046083
1751715519.249,::1,::1,11,0.4,False,0.003000020980834961,171.4190001487732,17,5.586563022731614,0.8314462748556076,85.2867132867133,14.03124504273459,0.8002776797336777,0.2986946224195951,213.27725375670454,84.22856123654664,337.07142857142856,251.6458578143142,563.9285714285714,293.13854946709665,12.285714285714286,8.530856358190638,top-left,0.4341267369186645,1.023835475367705,0.6216216216216216,search,0.0,38.25000762939453,55.5000114440918,38.25000762939453,55.5000114440918,38.25000762939453,55.5000114440918,130,gesture,N/A,True,1041.327656093838,top-left,0.019921878973642986,0.05138889948527018,True,0.13,264.5608074056908,0.04471328671328671,True,0.6651376146788991
1751715526.811,::1,::1,10,0.2,False,7.562000036239624,178.98100018501282,17,5.592154175777982,0.8299238602410244,85.59722222222223,14.467069620177465,0.8002776797336777,0.2986946224195951,213.27725375670454,84.22856123654664,337.07142857142856,251.6458578143142,563.9285714285714,293.13854946709665,12.285714285714286,8.530856358190638,top-left,0.43291507546338787,1.023835475367705,0.6216216216216216,search,0.0,40.79999923706055,49.0,40.79999923706055,136.0,40.79999923706055,49.0,88,mouse,ION-ICON,False,1042.1178634888606,top-left,0.0212499996026357,0.04537037037037037,True,0.088,267.62856252204995,0.0024027777777777676,True,0.6666666666666666
1751715526.814,::1,::1,11,0.4,False,0.0029997825622558594,178.98399996757507,17,5.573782178516964,0.8284032082322006,85.61379310344827,14.418468141359565,0.8002776797336777,0.2986946224195951,213.27725375670454,84.22856123654664,337.07142857142856,251.6458578143142,563.9285714285714,293.13854946709665,12.285714285714286,8.530856358190638,top-left,0.4317106089195164,1.023835475367705,0.6216216216216216,search,0.0,40.0,49.0,40.0,49.0,40.0,49.0,87,gesture,N/A,True,1042.823570888192,top-left,0.020833333333333332,0.04537037037037037,True,0.087,266.1018137191553,0.0013862068965517227,True,0.6681818181818182
1751715530.929,::1,::1,12,0.6,False,4.115000009536743,183.09899997711182,17,5.559739761076291,0.8268844218485591,85.62328767123287,14.36945981909507,0.8002776797336777,0.2986946224195951,213.27725375670454,84.22856123654664,337.07142857142856,251.6458578143142,563.9285714285714,293.13854946709665,12.285714285714286,8.530856358190638,top-left,0.4305132774996119,1.023835475367705,0.6216216216216216,search,0.0,153.25,365.5,445.6000061035156,462.3999938964844,153.25,365.5,97,touch,INPUT,False,825.4064529066877,top-left,0.07981770833333333,0.3384259259259259,False,0.097,74.66310692791957,0.011376712328767136,True,0.669683257918552
1751715530.932,::1,::1,13,0.8,False,0.003000020980834961,183.10199999809265,17,5.541751065874063,0.8253676002369402,85.70068027210884,14.351000802279463,0.8002776797336777,0.2986946224195951,213.27725375670454,84.22856123654664,337.07142857142856,251.6458578143142,563.9285714285714,293.13854946709665,12.285714285714286,8.530856358190638,top-left,0.4293230219306162,1.023835475367705,0.6216216216216216,search,0.0,153.25,365.5,153.25,365.5,153.25,365.5,97,gesture,N/A,True,825.4064529066877,top-left,0.07981770833333333,0.3384259259259259,False,0.097,74.15519463589295,0.011299319727891166,True,0.6711711711711712
